{
  "Time": [
    0.0,
    0.502349853515625,
    1.0034239292144775,
    1.5044050216674805,
    2.0053551197052,
    2.5064096450805664,
    3.0121586322784424,
    3.513359546661377,
    4.015125274658203,
    4.516080617904663,
    5.017089128494263,
    5.517829895019531,
    6.019049882888794,
    6.52065896987915
  ],
  "Voltage": [
    2.146,
    2.141,
    2.146,
    2.146,
    2.151,
    2.146,
    2.146,
    2.151,
    2.151,
    2.151,
    2.151,
    2.146,
    2.146,
    2.141
  ]
}