{
  "Time": [
    0.0,
    0.5018186569213867,
    1.0027718544006348,
    1.5034937858581543,
    2.004643440246582,
    2.5056707859039307,
    3.006413221359253,
    3.5073118209838867,
    4.008044958114624,
    4.508807420730591,
    5.009680986404419,
    5.5103161334991455,
    6.019992113113403,
    6.521079063415527
  ],
  "Voltage": [
    1.74,
    1.745,
    1.74,
    1.74,
    1.735,
    1.74,
    1.75,
    1.745,
    1.75,
    1.755,
    1.75,
    1.76,
    1.755,
    1.755
  ]
}