{
  "Time": [
    0.0,
    0.5021853446960449,
    1.0036249160766602,
    1.5038719177246094,
    2.00462007522583,
    2.5058112144470215,
    3.0069737434387207,
    3.50862979888916,
    4.008843898773193,
    4.509712219238281,
    5.01042914390564,
    5.510956525802612,
    6.011929988861084,
    6.512868165969849
  ],
  "Voltage": [
    2.322,
    2.322,
    2.322,
    2.322,
    2.322,
    2.322,
    2.326,
    2.317,
    2.317,
    2.322,
    2.326,
    2.326,
    2.322,
    2.326
  ]
}