{
  "Time": [
    0.0,
    0.502208948135376,
    1.0033552646636963,
    1.504457950592041,
    2.0054125785827637,
    2.506498336791992,
    3.0076563358306885,
    3.5089142322540283,
    4.009479522705078,
    4.510559797286987,
    5.01185417175293,
    5.512815237045288,
    6.013424873352051,
    6.514721870422363
  ],
  "Voltage": [
    1.97,
    1.97,
    1.965,
    1.965,
    1.97,
    1.965,
    1.965,
    1.96,
    1.96,
    1.96,
    1.965,
    1.96,
    1.965,
    1.965
  ]
}