{
  "Time": [
    0.0,
    0.501901388168335,
    1.0025770664215088,
    1.5036211013793945,
    2.004648447036743,
    2.5054612159729004,
    3.0074594020843506,
    3.5080478191375732,
    4.009054899215698,
    4.509749174118042,
    5.010930061340332,
    5.511645555496216,
    6.012534141540527,
    6.513422727584839
  ],
  "Voltage": [
    1.774,
    1.769,
    1.769,
    1.769,
    1.769,
    1.774,
    1.774,
    1.769,
    1.769,
    1.769,
    1.774,
    1.764,
    1.76,
    1.755
  ]
}