{
  "Time": [
    0.0,
    0.50156569480896,
    1.0023102760314941,
    1.5030031204223633,
    2.0037243366241455,
    2.5042457580566406,
    3.0058155059814453,
    3.508127212524414,
    4.009859800338745,
    4.511163949966431,
    5.012264013290405,
    5.5131003856658936,
    6.0142834186553955,
    6.515264272689819
  ],
  "Voltage": [
    1.828,
    1.833,
    1.828,
    1.838,
    1.838,
    1.828,
    1.828,
    1.823,
    1.818,
    1.818,
    1.823,
    1.823,
    1.823,
    1.823
  ]
}