{
  "Time": [
    0.0,
    0.5020878314971924,
    1.00345778465271,
    1.5044217109680176,
    2.0051772594451904,
    2.5057413578033447,
    3.0070042610168457,
    3.5077755451202393,
    4.00864577293396,
    4.50959038734436,
    5.010174036026001,
    5.5112457275390625,
    6.012288331985474,
    6.513366937637329
  ],
  "Voltage": [
    2.048,
    2.043,
    2.043,
    2.043,
    2.043,
    2.043,
    2.043,
    2.048,
    2.043,
    2.038,
    2.043,
    2.043,
    2.043,
    2.043
  ]
}