{
  "Time": [
    0.0,
    0.502265453338623,
    1.002943515777588,
    1.5037164688110352,
    2.0045621395111084,
    2.5056145191192627,
    3.006361484527588,
    3.507293939590454,
    4.0083606243133545,
    4.509429693222046,
    5.010544300079346,
    5.511589050292969,
    6.012481689453125,
    6.513480186462402
  ],
  "Voltage": [
    1.97,
    1.97,
    1.965,
    1.97,
    1.965,
    1.97,
    1.975,
    1.975,
    1.975,
    1.97,
    1.965,
    1.965,
    1.97,
    1.965
  ]
}