{
  "Time": [
    0.0,
    0.501638650894165,
    1.0038261413574219,
    1.5047614574432373,
    2.0057103633880615,
    2.506871461868286,
    3.0078182220458984,
    3.5088891983032227,
    4.010019540786743,
    4.511061906814575,
    5.012040376663208,
    5.512955665588379,
    6.014275312423706,
    6.514845848083496
  ],
  "Voltage": [
    2.234,
    2.234,
    2.234,
    2.234,
    2.234,
    2.234,
    2.234,
    2.234,
    2.239,
    2.243,
    2.243,
    2.239,
    2.239,
    2.234
  ]
}