{
  "Time": [
    0.0,
    0.5018773078918457,
    1.0031757354736328,
    1.5039572715759277,
    2.005218505859375,
    2.5061068534851074,
    3.0090861320495605,
    3.512587785720825,
    4.014876842498779,
    4.515830755233765,
    5.01683235168457,
    5.517714023590088,
    6.018220663070679,
    6.518928050994873
  ],
  "Voltage": [
    2.199,
    2.195,
    2.195,
    2.195,
    2.195,
    2.19,
    2.19,
    2.19,
    2.195,
    2.19,
    2.185,
    2.19,
    2.18,
    2.18
  ]
}