{
  "Time": [
    0.0013742446899414062,
    0.5017211437225342,
    1.0024616718292236,
    1.5036416053771973,
    2.004201650619507,
    2.504929542541504,
    3.0056211948394775,
    3.5067920684814453,
    4.007620334625244,
    4.508606910705566,
    5.009584665298462,
    5.510379076004028,
    6.011754274368286,
    6.512912750244141
  ],
  "Voltage": [
    2.39,
    2.385,
    2.385,
    2.385,
    2.385,
    2.375,
    2.37,
    2.37,
    2.37,
    2.37,
    2.375,
    2.375,
    2.375,
    2.375
  ]
}