{
  "Time": [
    0.0,
    0.5015692710876465,
    1.0023913383483887,
    1.5030922889709473,
    2.004746198654175,
    2.5063838958740234,
    3.0071592330932617,
    3.5080924034118652,
    4.008835315704346,
    4.509932994842529,
    5.011108160018921,
    5.51185154914856,
    6.012673616409302,
    6.513367414474487
  ],
  "Voltage": [
    1.613,
    1.613,
    1.608,
    1.608,
    1.608,
    1.613,
    1.608,
    1.603,
    1.608,
    1.603,
    1.603,
    1.598,
    1.603,
    1.598
  ]
}