{
  "Time": [
    0.0,
    0.5019266605377197,
    1.0030293464660645,
    1.503892421722412,
    2.0049142837524414,
    2.5055384635925293,
    3.0068209171295166,
    3.507551670074463,
    4.008161783218384,
    4.508999586105347,
    5.009681463241577,
    5.510490655899048,
    6.01161789894104,
    6.512450456619263
  ],
  "Voltage": [
    1.447,
    1.447,
    1.447,
    1.442,
    1.442,
    1.452,
    1.457,
    1.476,
    1.476,
    1.481,
    1.476,
    1.471,
    1.461,
    1.457
  ]
}