{
  "Time": [
    0.0,
    0.502399206161499,
    1.003917932510376,
    1.5047008991241455,
    2.006362199783325,
    2.5158493518829346,
    3.0164475440979004,
    3.5171780586242676,
    4.018256187438965,
    4.519067287445068,
    5.020294666290283,
    5.521344900131226,
    6.024135112762451,
    6.524941921234131
  ],
  "Voltage": [
    1.848,
    1.848,
    1.843,
    1.843,
    1.843,
    1.843,
    1.838,
    1.833,
    1.833,
    1.823,
    1.818,
    1.818,
    1.813,
    1.818
  ]
}