{
  "Time": [
    0.0,
    0.502514123916626,
    1.003067970275879,
    1.503882646560669,
    2.004755973815918,
    2.505836248397827,
    3.006770372390747,
    3.507357120513916,
    4.008732080459595,
    4.509294271469116,
    5.010573148727417,
    5.511801242828369,
    6.012805938720703,
    6.513750791549683
  ],
  "Voltage": [
    2.204,
    2.204,
    2.199,
    2.195,
    2.199,
    2.195,
    2.195,
    2.19,
    2.195,
    2.195,
    2.195,
    2.19,
    2.19,
    2.19
  ]
}