{
  "Time": [
    0.0,
    0.5036370754241943,
    1.0046463012695312,
    1.5056350231170654,
    2.0063862800598145,
    2.5074918270111084,
    3.0083634853363037,
    3.5094447135925293,
    4.010491132736206,
    4.511268615722656,
    5.011984586715698,
    5.512531280517578,
    6.0131824016571045,
    6.513773441314697
  ],
  "Voltage": [
    1.921,
    1.906,
    1.901,
    1.896,
    1.896,
    1.896,
    1.896,
    1.896,
    1.896,
    1.906,
    1.911,
    1.911,
    1.911,
    1.916
  ]
}