{
  "Time": [
    0.008020162582397461,
    0.5086021423339844,
    1.0096533298492432,
    1.5108327865600586,
    2.0116515159606934,
    2.512678861618042,
    3.014200448989868,
    3.5155391693115234,
    4.016597270965576,
    4.5177154541015625,
    5.01819109916687,
    5.519336938858032,
    6.020528078079224,
    6.521467208862305,
    7.022568702697754,
    7.523515462875366,
    8.024549007415771,
    8.525371074676514,
    9.02638030052185,
    9.52827787399292,
    10.028706312179565,
    10.529579639434814,
    11.0310697555542,
    11.53217363357544,
    12.033171892166138,
    12.53398871421814,
    13.035391330718994,
    13.53624153137207,
    14.037147998809814,
    14.537699460983276
  ],
  "Voltage": [
    1.975,
    1.975,
    1.97,
    1.975,
    1.975,
    1.975,
    1.97,
    1.97,
    1.97,
    1.975,
    1.97,
    1.97,
    1.97,
    1.97,
    1.975,
    1.975,
    1.984,
    1.979,
    1.975,
    1.97,
    1.97,
    1.97,
    1.979,
    1.975,
    1.965,
    1.96,
    1.965,
    1.965,
    1.96,
    1.96
  ]
}