{
  "Time": [
    0.0,
    0.5051360130310059,
    1.0074303150177002,
    1.5081720352172852,
    2.0090670585632324,
    2.5100650787353516,
    3.0109336376190186,
    3.5119314193725586,
    4.0129714012146,
    4.51418924331665,
    5.015286445617676,
    5.516287565231323,
    6.017307758331299,
    6.518726825714111,
    7.0197765827178955,
    7.521085023880005,
    8.022373676300049,
    8.52323293685913,
    9.025978803634644,
    9.52697205543518,
    10.02825379371643,
    10.528883934020996,
    11.02958345413208,
    11.530704259872437,
    12.031640529632568,
    12.532452583312988,
    13.033329963684082,
    13.5342857837677,
    14.035158395767212,
    14.536349058151245
  ],
  "Voltage": [
    2.346,
    2.346,
    2.346,
    2.351,
    2.346,
    2.346,
    2.351,
    2.351,
    2.351,
    2.356,
    2.356,
    2.351,
    2.356,
    2.356,
    2.356,
    2.351,
    2.351,
    2.356,
    2.361,
    2.361,
    2.361,
    2.361,
    2.361,
    2.361,
    2.37,
    2.366,
    2.366,
    2.366,
    2.361,
    2.361
  ]
}