{
  "Time": [
    0.01562666893005371,
    0.5161604881286621,
    1.0172772407531738,
    1.5182790756225586,
    2.018921136856079,
    2.5196943283081055,
    3.0209102630615234,
    3.5217950344085693,
    4.022756576538086,
    4.523717164993286,
    5.024789094924927,
    5.526346206665039,
    6.0270068645477295,
    6.527995586395264,
    7.028615236282349,
    7.529742479324341,
    8.030766487121582,
    8.531620502471924,
    9.032350301742554,
    9.534146308898926,
    10.035295724868774,
    10.53693962097168,
    11.03800344467163,
    11.539401531219482,
    12.040605306625366,
    12.543313026428223,
    13.044333457946777,
    13.545124769210815,
    14.04582142829895,
    14.546568632125854
  ],
  "Voltage": [
    2.615,
    2.625,
    2.625,
    2.62,
    2.625,
    2.62,
    2.62,
    2.62,
    2.615,
    2.62,
    2.615,
    2.625,
    2.625,
    2.625,
    2.63,
    2.625,
    2.63,
    2.63,
    2.63,
    2.63,
    2.63,
    2.625,
    2.625,
    2.62,
    2.62,
    2.615,
    2.615,
    2.62,
    2.615,
    2.62
  ]
}