{
  "Time": [
    0.0,
    0.5009212493896484,
    1.0015816688537598,
    1.5047705173492432,
    2.0059971809387207,
    2.5065712928771973,
    3.0070712566375732,
    3.507782220840454,
    4.008590936660767,
    4.508985280990601,
    5.0094218254089355,
    5.509906530380249,
    6.01041579246521,
    6.511005640029907,
    7.011610269546509,
    7.511974334716797,
    8.012365818023682,
    8.5127592086792,
    9.013404607772827,
    9.513848781585693,
    10.01422119140625,
    10.514662981033325,
    11.014964818954468,
    11.515290975570679,
    12.015746831893921,
    12.51631212234497,
    13.016758918762207,
    13.517246961593628,
    14.017618179321289,
    14.518008708953857,
    15.022123336791992,
    15.522653102874756,
    16.023216247558594,
    16.523661136627197,
    17.024317979812622,
    17.524933338165283,
    18.025435209274292,
    18.52619743347168,
    19.02661895751953,
    19.527471780776978,
    20.028143167495728,
    20.528387308120728,
    21.02862524986267,
    21.52922487258911,
    22.029508590698242,
    22.52980327606201,
    23.030303478240967,
    23.530727863311768,
    24.03145122528076,
    24.53228521347046
  ],
  "Voltage": [
    0.083,
    0.083,
    0.078,
    0.078,
    0.093,
    0.073,
    0.088,
    0.088,
    0.093,
    0.098,
    0.103,
    0.093,
    0.098,
    0.093,
    0.088,
    0.103,
    0.093,
    0.108,
    0.098,
    0.093,
    0.098,
    0.108,
    0.108,
    0.093,
    0.093,
    0.093,
    0.093,
    0.088,
    0.098,
    0.093,
    0.083,
    0.078,
    0.078,
    0.078,
    0.073,
    0.088,
    0.098,
    0.088,
    0.088,
    0.093,
    0.078,
    0.078,
    0.078,
    0.073,
    0.088,
    0.083,
    0.088,
    0.073,
    0.078,
    0.078
  ]
}