{
  "Time": [
    0.0,
    0.5034494400024414,
    1.0046231746673584,
    1.5054678916931152,
    2.0061452388763428,
    2.5065934658050537,
    3.0070221424102783,
    3.5076165199279785,
    4.008078336715698,
    4.5087244510650635,
    5.009189128875732,
    5.50959587097168,
    6.010042190551758,
    6.510740041732788,
    7.011468172073364,
    7.511926889419556,
    8.012392282485962,
    8.51284670829773,
    9.013312101364136,
    9.513718128204346,
    10.014389991760254,
    10.514994144439697,
    11.015417575836182,
    11.515889167785645,
    12.016618490219116,
    12.519367456436157,
    13.020877122879028,
    13.522019624710083,
    14.022547721862793,
    14.523282527923584,
    15.024003028869629,
    15.524571895599365,
    16.024949312210083,
    16.525587558746338,
    17.026318073272705,
    17.52687406539917,
    18.027392387390137,
    18.52776837348938,
    19.028165102005005,
    19.528908729553223,
    20.029388666152954,
    20.530086517333984,
    21.03074836730957,
    21.531346559524536,
    22.031859636306763,
    22.532536268234253,
    23.033034324645996,
    23.53342604637146,
    24.03852081298828,
    24.53891944885254
  ],
  "Voltage": [
    0.196,
    0.191,
    0.186,
    0.176,
    0.181,
    0.181,
    0.181,
    0.181,
    0.181,
    0.176,
    0.176,
    0.181,
    0.181,
    0.181,
    0.181,
    0.181,
    0.176,
    0.181,
    0.176,
    0.176,
    0.181,
    0.181,
    0.181,
    0.176,
    0.181,
    0.181,
    0.176,
    0.186,
    0.186,
    0.181,
    0.186,
    0.186,
    0.176,
    0.181,
    0.181,
    0.176,
    0.186,
    0.171,
    0.176,
    0.176,
    0.171,
    0.181,
    0.186,
    0.186,
    0.186,
    0.191,
    0.186,
    0.181,
    0.186,
    0.181
  ]
}