{
  "Time": [
    0.0010018348693847656,
    0.501500129699707,
    1.0020720958709717,
    1.502997875213623,
    2.0034806728363037,
    2.503927707672119,
    3.0049829483032227,
    3.505333185195923,
    4.010919570922852,
    4.511874675750732,
    5.012454032897949,
    5.5131752490997314,
    6.013948440551758,
    6.514536380767822,
    7.015073776245117,
    7.515616178512573,
    8.0161292552948,
    8.516537189483643,
    9.017032146453857,
    9.517491817474365,
    10.017904281616211,
    10.51854133605957,
    11.01912236213684,
    11.519598960876465,
    12.019943952560425,
    12.52062702178955,
    13.021332502365112,
    13.521669626235962,
    14.023309230804443,
    14.525023221969604,
    15.025892496109009,
    15.528870820999146,
    16.029163122177124,
    16.529558897018433,
    17.02984881401062,
    17.530618906021118,
    18.031004667282104,
    18.531399250030518,
    19.032043933868408,
    19.53257155418396,
    20.033459186553955,
    20.533831357955933,
    21.034278869628906,
    21.534945964813232,
    22.03567862510681,
    22.53614091873169,
    23.036704301834106,
    23.53708791732788,
    24.037739515304565,
    24.538144826889038
  ],
  "Voltage": [
    0.098,
    0.088,
    0.088,
    0.093,
    0.098,
    0.103,
    0.088,
    0.098,
    0.098,
    0.098,
    0.093,
    0.093,
    0.088,
    0.078,
    0.093,
    0.083,
    0.078,
    0.088,
    0.078,
    0.083,
    0.073,
    0.068,
    0.068,
    0.073,
    0.093,
    0.068,
    0.078,
    0.078,
    0.078,
    0.098,
    0.103,
    0.112,
    0.093,
    0.088,
    0.127,
    0.103,
    0.103,
    0.103,
    0.083,
    0.083,
    0.098,
    0.073,
    0.103,
    0.098,
    0.088,
    0.088,
    0.073,
    0.078,
    0.078,
    0.093
  ]
}