{
  "Time": [
    0.0,
    0.5010178089141846,
    1.0014028549194336,
    1.5017671585083008,
    2.002234697341919,
    2.5030248165130615,
    3.005237102508545,
    3.5057220458984375,
    4.006258249282837,
    4.506720542907715,
    5.007292985916138,
    5.510278224945068,
    6.0112409591674805,
    6.512320041656494,
    7.012725830078125,
    7.513169050216675,
    8.013873100280762,
    8.514405965805054,
    9.015294551849365,
    9.516175985336304,
    10.016984224319458,
    10.517468214035034,
    11.018439054489136,
    11.518994569778442,
    12.019268274307251,
    12.520015239715576,
    13.020445108413696,
    13.520872354507446,
    14.021647214889526,
    14.522270441055298,
    15.022590160369873,
    15.52291989326477,
    16.023250341415405,
    16.5238299369812,
    17.0273015499115,
    17.527833461761475,
    18.02847123146057,
    18.52918553352356,
    19.02987790107727,
    19.530571699142456,
    20.031161546707153,
    20.53180742263794,
    21.03292179107666,
    21.533312559127808,
    22.033803939819336,
    22.53451943397522,
    23.03540325164795,
    23.535964488983154,
    24.036606073379517,
    24.53714370727539
  ],
  "Voltage": [
    0.239,
    0.249,
    0.249,
    0.249,
    0.249,
    0.244,
    0.244,
    0.244,
    0.244,
    0.244,
    0.239,
    0.244,
    0.249,
    0.244,
    0.249,
    0.249,
    0.249,
    0.244,
    0.244,
    0.249,
    0.239,
    0.244,
    0.239,
    0.235,
    0.225,
    0.23,
    0.23,
    0.225,
    0.235,
    0.23,
    0.235,
    0.239,
    0.239,
    0.239,
    0.235,
    0.239,
    0.235,
    0.23,
    0.23,
    0.23,
    0.23,
    0.22,
    0.22,
    0.22,
    0.215,
    0.22,
    0.215,
    0.21,
    0.22,
    0.215
  ]
}