{
  "Time": [
    0.0010166168212890625,
    0.501917839050293,
    1.0027351379394531,
    1.5036792755126953,
    2.0042788982391357,
    2.504828453063965,
    3.0053999423980713,
    3.506331443786621,
    4.006807565689087,
    4.5074310302734375,
    5.00794529914856,
    5.50829815864563,
    6.008705377578735,
    6.509073495864868,
    7.009455919265747,
    7.510119438171387,
    8.010432004928589,
    8.510832786560059,
    9.01141095161438,
    9.51190447807312,
    10.012291431427002,
    10.512797117233276,
    11.013306856155396,
    11.513668775558472,
    12.014145135879517,
    12.514536142349243,
    13.019036531448364,
    13.519477128982544,
    14.020327806472778,
    14.52085566520691,
    15.021594047546387,
    15.522419929504395,
    16.022881746292114,
    16.523405075073242,
    17.02399492263794,
    17.52440595626831,
    18.024794578552246,
    18.52540421485901,
    19.025927543640137,
    19.52630114555359,
    20.02679181098938,
    20.527283430099487,
    21.027655363082886,
    21.528273582458496,
    22.028743982315063,
    22.529325485229492,
    23.029866695404053,
    23.530442714691162,
    24.03089141845703,
    24.534690856933594
  ],
  "Voltage": [
    0.2,
    0.2,
    0.196,
    0.2,
    0.2,
    0.196,
    0.2,
    0.2,
    0.2,
    0.2,
    0.2,
    0.205,
    0.205,
    0.2,
    0.191,
    0.186,
    0.191,
    0.196,
    0.196,
    0.196,
    0.196,
    0.196,
    0.2,
    0.196,
    0.191,
    0.191,
    0.191,
    0.186,
    0.196,
    0.196,
    0.196,
    0.205,
    0.196,
    0.2,
    0.196,
    0.196,
    0.2,
    0.2,
    0.205,
    0.196,
    0.205,
    0.2,
    0.196,
    0.205,
    0.2,
    0.2,
    0.2,
    0.2,
    0.205,
    0.205
  ]
}