{
  "Time": [
    0.0,
    0.5011060237884521,
    1.0016968250274658,
    1.5024292469024658,
    2.002957820892334,
    2.503666639328003,
    3.0041370391845703,
    3.504725456237793,
    4.005256414413452,
    4.505839109420776,
    5.0062055587768555,
    5.50655722618103,
    6.00727105140686,
    6.508491277694702,
    7.008795976638794,
    7.509301662445068,
    8.013398885726929,
    8.514253854751587,
    9.015161752700806,
    9.515822649002075,
    10.017003536224365,
    10.517580032348633,
    11.018113374710083,
    11.518541097640991,
    12.01917576789856,
    12.51991081237793,
    13.020379304885864,
    13.521191596984863,
    14.021644830703735,
    14.522094488143921,
    15.022749900817871,
    15.523606538772583,
    16.02451181411743,
    16.525136470794678,
    17.02573537826538,
    17.52634882926941,
    18.0313458442688,
    18.531935214996338,
    19.032329559326172,
    19.532994508743286,
    20.035783529281616,
    20.536930561065674,
    21.03757929801941,
    21.538148164749146,
    22.03860878944397,
    22.53919768333435,
    23.039611101150513,
    23.54068398475647,
    24.041237115859985,
    24.541609287261963
  ],
  "Voltage": [
    0.205,
    0.205,
    0.205,
    0.2,
    0.205,
    0.205,
    0.2,
    0.205,
    0.205,
    0.21,
    0.21,
    0.2,
    0.21,
    0.215,
    0.215,
    0.22,
    0.215,
    0.215,
    0.21,
    0.22,
    0.22,
    0.22,
    0.22,
    0.215,
    0.22,
    0.22,
    0.215,
    0.21,
    0.21,
    0.205,
    0.205,
    0.205,
    0.21,
    0.215,
    0.215,
    0.205,
    0.21,
    0.215,
    0.22,
    0.225,
    0.22,
    0.225,
    0.22,
    0.22,
    0.22,
    0.22,
    0.225,
    0.22,
    0.22,
    0.22
  ]
}