{
  "Time": [
    0.0,
    0.5006828308105469,
    1.0013213157653809,
    1.501859426498413,
    2.0108642578125,
    2.5124332904815674,
    3.0131092071533203,
    3.5137157440185547,
    4.014190435409546,
    4.514609336853027,
    5.015054702758789,
    5.515550374984741,
    6.0159032344818115,
    6.51637077331543,
    7.01686954498291,
    7.517252445220947,
    8.018081665039062,
    8.518519639968872,
    9.019001960754395,
    9.519408226013184,
    10.019777536392212,
    10.520259141921997,
    11.021020889282227,
    11.521495342254639,
    12.022165536880493,
    12.522711038589478,
    13.023594617843628,
    13.524208068847656,
    14.024534702301025,
    14.524990558624268,
    15.029270887374878,
    15.530075550079346,
    16.030969619750977,
    16.53198552131653,
    17.03241229057312,
    17.532893657684326,
    18.033263444900513,
    18.533759593963623,
    19.034230947494507,
    19.534584760665894,
    20.0350558757782,
    20.535542964935303,
    21.035984754562378,
    21.53634023666382,
    22.03681707382202,
    22.537192583084106,
    23.037662029266357,
    23.538039922714233,
    24.03840947151184,
    24.538809061050415
  ],
  "Voltage": [
    0.215,
    0.215,
    0.215,
    0.215,
    0.21,
    0.215,
    0.215,
    0.21,
    0.21,
    0.205,
    0.205,
    0.2,
    0.2,
    0.2,
    0.2,
    0.2,
    0.205,
    0.2,
    0.196,
    0.196,
    0.186,
    0.191,
    0.2,
    0.2,
    0.2,
    0.2,
    0.2,
    0.196,
    0.196,
    0.196,
    0.196,
    0.2,
    0.205,
    0.2,
    0.205,
    0.2,
    0.205,
    0.205,
    0.205,
    0.205,
    0.2,
    0.196,
    0.196,
    0.2,
    0.196,
    0.196,
    0.2,
    0.205,
    0.205,
    0.2
  ]
}