{
  "Time": [
    0.0,
    0.5023036003112793,
    1.00309157371521,
    1.5038516521453857,
    2.0046350955963135,
    2.505908250808716,
    3.0067150592803955,
    3.507354259490967,
    4.0096821784973145,
    4.510772228240967,
    5.011751651763916,
    5.512888193130493,
    6.013965368270874,
    6.5161566734313965
  ],
  "Voltage": [
    2.263,
    2.263,
    2.263,
    2.268,
    2.268,
    2.268,
    2.268,
    2.263,
    2.263,
    2.263,
    2.258,
    2.258,
    2.258,
    2.258
  ]
}