{
  "Time": [
    0.0,
    0.5023493766784668,
    1.0036125183105469,
    1.5045654773712158,
    2.005398988723755,
    2.5075957775115967,
    3.0084517002105713,
    3.50940203666687,
    4.010302305221558,
    4.511396646499634,
    5.012281894683838,
    5.513142347335815,
    6.014289379119873,
    6.515247583389282
  ],
  "Voltage": [
    1.613,
    1.613,
    1.608,
    1.613,
    1.608,
    1.608,
    1.613,
    1.618,
    1.608,
    1.608,
    1.618,
    1.613,
    1.613,
    1.613
  ]
}