{
  "Time": [
    0.0,
    0.5014855861663818,
    1.0025184154510498,
    1.503659963607788,
    2.004725933074951,
    2.5055785179138184,
    3.006563663482666,
    3.5080337524414062,
    4.008450984954834,
    4.509499549865723,
    5.010318040847778,
    5.511191129684448,
    6.012171030044556,
    6.513103723526001
  ],
  "Voltage": [
    2.366,
    2.366,
    2.366,
    2.366,
    2.361,
    2.361,
    2.361,
    2.361,
    2.356,
    2.361,
    2.361,
    2.366,
    2.361,
    2.37
  ]
}