{
  "Time": [
    0.0,
    0.5022408962249756,
    1.003429651260376,
    1.5045404434204102,
    2.0051746368408203,
    2.506131887435913,
    3.00716495513916,
    3.5079777240753174,
    4.008556127548218,
    4.509449481964111,
    5.0101354122161865,
    5.510831832885742,
    6.011951923370361,
    6.512951612472534
  ],
  "Voltage": [
    2.258,
    2.258,
    2.253,
    2.258,
    2.258,
    2.258,
    2.258,
    2.258,
    2.258,
    2.263,
    2.263,
    2.263,
    2.263,
    2.263
  ]
}