{
  "Time": [
    0.0011928081512451172,
    0.5034151077270508,
    1.0047199726104736,
    1.5056519508361816,
    2.006451368331909,
    2.5073299407958984,
    3.0084872245788574,
    3.509342670440674,
    4.010202407836914,
    4.511322975158691,
    5.012416839599609,
    5.513157844543457,
    6.013891935348511,
    6.514729738235474
  ],
  "Voltage": [
    2.043,
    2.043,
    2.038,
    2.043,
    2.038,
    2.038,
    2.038,
    2.038,
    2.038,
    2.033,
    2.033,
    2.033,
    2.038,
    2.038
  ]
}