{
  "Time": [
    0.0,
    0.5015659332275391,
    1.002472162246704,
    1.503091812133789,
    2.003967046737671,
    2.5052058696746826,
    3.0061588287353516,
    3.5068628787994385,
    4.007728338241577,
    4.508643627166748,
    5.009547472000122,
    5.510279417037964,
    6.011273622512817,
    6.512238264083862
  ],
  "Voltage": [
    1.764,
    1.755,
    1.75,
    1.755,
    1.76,
    1.769,
    1.769,
    1.779,
    1.774,
    1.774,
    1.769,
    1.764,
    1.764,
    1.764
  ]
}