{
  "Time": [
    0.0,
    0.5022144317626953,
    1.0045690536499023,
    1.5049290657043457,
    2.0056257247924805,
    2.506582021713257,
    3.0071825981140137,
    3.50795316696167,
    4.008737087249756,
    4.509948015213013,
    5.010993242263794,
    5.511888027191162,
    6.013190507888794,
    6.514243841171265
  ],
  "Voltage": [
    2.195,
    2.199,
    2.199,
    2.195,
    2.199,
    2.204,
    2.195,
    2.195,
    2.195,
    2.195,
    2.19,
    2.185,
    2.185,
    2.185
  ]
}