{
  "Time": [
    0.0019195079803466797,
    0.5026974678039551,
    1.0036711692810059,
    1.5081157684326172,
    2.0092575550079346,
    2.510042428970337,
    3.010927677154541,
    3.512038469314575,
    4.012955665588379,
    4.514260530471802,
    5.015186309814453,
    5.516015529632568,
    6.017505884170532,
    6.518120527267456
  ],
  "Voltage": [
    1.476,
    1.466,
    1.471,
    1.461,
    1.461,
    1.461,
    1.466,
    1.461,
    1.461,
    1.461,
    1.457,
    1.457,
    1.457,
    1.461
  ]
}