{
  "Time": [
    0.0,
    0.5021791458129883,
    1.005863904953003,
    1.507016658782959,
    2.00785756111145,
    2.508798599243164,
    3.009967088699341,
    3.510834217071533,
    4.012214422225952,
    4.513469457626343,
    5.015108823776245,
    5.516557455062866,
    6.017533302307129,
    6.518558025360107
  ],
  "Voltage": [
    1.652,
    1.662,
    1.662,
    1.657,
    1.657,
    1.667,
    1.662,
    1.667,
    1.662,
    1.657,
    1.657,
    1.652,
    1.647,
    1.652
  ]
}