{
  "Time": [
    0.0,
    0.5019581317901611,
    1.003007173538208,
    1.5041518211364746,
    2.0054168701171875,
    2.506640672683716,
    3.0077366828918457,
    3.508650779724121,
    4.009645223617554,
    4.510492324829102,
    5.011366128921509,
    5.512248992919922,
    6.0138020515441895,
    6.514519214630127
  ],
  "Voltage": [
    1.857,
    1.852,
    1.852,
    1.852,
    1.852,
    1.852,
    1.852,
    1.857,
    1.862,
    1.862,
    1.867,
    1.862,
    1.857,
    1.857
  ]
}