{
  "Time": [
    0.0,
    0.5016288757324219,
    1.0029115676879883,
    1.5035264492034912,
    2.0048043727874756,
    2.5053677558898926,
    3.0064280033111572,
    3.507341146469116,
    4.008108854293823,
    4.508896112442017,
    5.0099687576293945,
    5.510934829711914,
    6.011793851852417,
    6.512596130371094
  ],
  "Voltage": [
    1.54,
    1.54,
    1.54,
    1.54,
    1.54,
    1.53,
    1.535,
    1.535,
    1.54,
    1.54,
    1.544,
    1.544,
    1.535,
    1.53
  ]
}