{
  "Time": [
    0.0,
    0.5019505023956299,
    1.0028038024902344,
    1.5038812160491943,
    2.004869222640991,
    2.5060782432556152,
    3.0071165561676025,
    3.508166551589966,
    4.009346961975098,
    4.5111775398254395,
    5.012014389038086,
    5.512816905975342,
    6.013866662979126,
    6.515295505523682
  ],
  "Voltage": [
    1.711,
    1.706,
    1.706,
    1.701,
    1.711,
    1.716,
    1.711,
    1.716,
    1.711,
    1.711,
    1.711,
    1.716,
    1.716,
    1.716
  ]
}