{
  "Time": [
    0.0,
    0.5021061897277832,
    1.0033395290374756,
    1.5039618015289307,
    2.005542278289795,
    2.506237506866455,
    3.0068044662475586,
    3.5077404975891113,
    4.008672714233398,
    4.509538412094116,
    5.011103391647339,
    5.512279987335205,
    6.013315200805664,
    6.514353036880493
  ],
  "Voltage": [
    2.097,
    2.102,
    2.107,
    2.102,
    2.102,
    2.111,
    2.107,
    2.111,
    2.107,
    2.107,
    2.111,
    2.107,
    2.102,
    2.107
  ]
}