{
  "Time": [
    0.0,
    0.5020442008972168,
    1.0073511600494385,
    1.5082716941833496,
    2.0092883110046387,
    2.5102500915527344,
    3.0115036964416504,
    3.512319803237915,
    4.012899160385132,
    4.516666650772095,
    5.017491817474365,
    5.518568277359009,
    6.019688129425049,
    6.5210816860198975
  ],
  "Voltage": [
    1.559,
    1.554,
    1.554,
    1.549,
    1.549,
    1.549,
    1.549,
    1.549,
    1.554,
    1.554,
    1.559,
    1.559,
    1.559,
    1.554
  ]
}