{
  "Time": [
    0.0,
    0.5020062923431396,
    1.0032520294189453,
    1.504211187362671,
    2.0052976608276367,
    2.50620698928833,
    3.0070478916168213,
    3.5078675746917725,
    4.008612155914307,
    4.509746789932251,
    5.010471343994141,
    5.5111119747161865,
    6.012073040008545,
    6.513079881668091
  ],
  "Voltage": [
    1.794,
    1.784,
    1.779,
    1.784,
    1.784,
    1.779,
    1.779,
    1.779,
    1.774,
    1.779,
    1.774,
    1.779,
    1.779,
    1.779
  ]
}