{
  "Time": [
    0.0,
    0.5021767616271973,
    1.0033020973205566,
    1.504314661026001,
    2.0054421424865723,
    2.506782054901123,
    3.0078189373016357,
    3.5088539123535156,
    4.009835243225098,
    4.51068377494812,
    5.013211727142334,
    5.51535701751709,
    6.016228199005127,
    6.517215967178345
  ],
  "Voltage": [
    2.229,
    2.224,
    2.224,
    2.224,
    2.219,
    2.219,
    2.224,
    2.224,
    2.229,
    2.224,
    2.229,
    2.224,
    2.224,
    2.224
  ]
}