{
  "Time": [
    0.0,
    0.5018420219421387,
    1.0030097961425781,
    1.5039904117584229,
    2.0047688484191895,
    2.50577974319458,
    3.006761312484741,
    3.5075347423553467,
    4.00824499130249,
    4.509260416030884,
    5.010497808456421,
    5.511509656906128,
    6.013269662857056,
    6.514387369155884
  ],
  "Voltage": [
    2.165,
    2.16,
    2.16,
    2.16,
    2.165,
    2.17,
    2.17,
    2.175,
    2.175,
    2.175,
    2.16,
    2.16,
    2.16,
    2.155
  ]
}