{
  "Time": [
    0.0,
    0.501936674118042,
    1.0033893585205078,
    1.5066299438476562,
    2.007584571838379,
    2.5083768367767334,
    3.0104269981384277,
    3.511176109313965,
    4.012017011642456,
    4.512959241867065,
    5.013566017150879,
    5.514307022094727,
    6.015813589096069,
    6.516852140426636
  ],
  "Voltage": [
    1.481,
    1.476,
    1.481,
    1.481,
    1.476,
    1.476,
    1.476,
    1.481,
    1.481,
    1.476,
    1.471,
    1.466,
    1.461,
    1.466
  ]
}