{
  "Time": [
    0.0,
    0.5014801025390625,
    1.002441167831421,
    1.5030710697174072,
    2.0040464401245117,
    2.504807710647583,
    3.005915641784668,
    3.5066916942596436,
    4.007646322250366,
    4.508601903915405,
    5.009395360946655,
    5.510384559631348,
    6.012059688568115,
    6.512857675552368
  ],
  "Voltage": [
    2.028,
    2.028,
    2.028,
    2.028,
    2.023,
    2.023,
    2.023,
    2.023,
    2.028,
    2.028,
    2.028,
    2.028,
    2.033,
    2.028
  ]
}