{
  "Time": [
    0.0,
    0.5016751289367676,
    1.0022821426391602,
    1.5029962062835693,
    2.003772735595703,
    2.5047500133514404,
    3.005552053451538,
    3.5066609382629395,
    4.00757098197937,
    4.508586645126343,
    5.012362480163574,
    5.513267278671265,
    6.014480829238892,
    6.515563488006592
  ],
  "Voltage": [
    1.838,
    1.838,
    1.838,
    1.828,
    1.828,
    1.828,
    1.828,
    1.828,
    1.833,
    1.833,
    1.828,
    1.828,
    1.823,
    1.823
  ]
}