{
  "Time": [
    0.0,
    0.50223708152771,
    1.0032620429992676,
    1.504204273223877,
    2.0052990913391113,
    2.50592041015625,
    3.0077624320983887,
    3.508469581604004,
    4.009347677230835,
    4.510178565979004,
    5.011225700378418,
    5.511904239654541,
    6.012867450714111,
    6.5144171714782715
  ],
  "Voltage": [
    1.623,
    1.613,
    1.613,
    1.608,
    1.608,
    1.608,
    1.608,
    1.608,
    1.618,
    1.618,
    1.608,
    1.598,
    1.588,
    1.584
  ]
}