{
  "Time": [
    0.0,
    0.5022823810577393,
    1.0039525032043457,
    1.504788875579834,
    2.00583553314209,
    2.506767511367798,
    3.0075881481170654,
    3.5085630416870117,
    4.009477138519287,
    4.510135650634766,
    5.010942220687866,
    5.511931419372559,
    6.013218402862549,
    6.514463186264038
  ],
  "Voltage": [
    1.735,
    1.735,
    1.73,
    1.73,
    1.73,
    1.73,
    1.735,
    1.725,
    1.72,
    1.72,
    1.711,
    1.711,
    1.716,
    1.72
  ]
}