{
  "Time": [
    0.0,
    0.5016918182373047,
    1.0026099681854248,
    1.5034515857696533,
    2.004873752593994,
    2.505338191986084,
    3.0059330463409424,
    3.506608486175537,
    4.007519245147705,
    4.5088818073272705,
    5.009794235229492,
    5.511092901229858,
    6.0121824741363525,
    6.512976408004761
  ],
  "Voltage": [
    2.346,
    2.346,
    2.341,
    2.346,
    2.351,
    2.346,
    2.346,
    2.341,
    2.341,
    2.346,
    2.346,
    2.346,
    2.346,
    2.346
  ]
}