{
  "Time": [
    0.0,
    0.5022521018981934,
    1.003774881362915,
    1.5047564506530762,
    2.0056848526000977,
    2.506197929382324,
    3.007262945175171,
    3.508026123046875,
    4.0086565017700195,
    4.5107972621917725,
    5.0114829540252686,
    5.5126049518585205,
    6.013430118560791,
    6.514683485031128
  ],
  "Voltage": [
    1.931,
    1.935,
    1.94,
    1.935,
    1.935,
    1.931,
    1.94,
    1.94,
    1.935,
    1.935,
    1.931,
    1.931,
    1.926,
    1.921
  ]
}